merchantno,shop,id,num,amt,businessdate
87228f178f64df07e28280f848455722,00    ,010129       ,1.0000,18.0000,2019-6-12 15:22:51
87228f178f64df07e28280f848455722,00    ,010130       ,2.0000,88.0000,2019-6-12 15:22:51
87228f178f64df07e28280f848455722,00    ,010131       ,7.0000,343.0000,2019-6-12 15:22:51
87228f178f64df07e28280f848455722,00    ,010132       ,10.0000,140.0000,2019-6-12 15:22:51
87228f178f64df07e28280f848455722,00    ,010133       ,4.0000,128.0000,2019-6-12 15:22:51
87228f178f64df07e28280f848455722,00    ,010134       ,10.0000,270.0000,2019-6-12 15:22:51
87228f178f64df07e28280f848455722,00    ,010135       ,0.0000,0.0000,2019-6-12 15:22:51
87228f178f64df07e28280f848455722,00    ,010136       ,3.0000,96.0000,2019-6-12 15:22:51
87228f178f64df07e28280f848455722,00    ,010137       ,3.0000,75.0000,2019-6-12 15:22:51
87228f178f64df07e28280f848455722,00    ,010138       ,4.0000,136.0000,2019-6-12 15:22:51
87228f178f64df07e28280f848455722,00    ,010139       ,1.0000,24.0000,2019-6-12 15:22:51
87228f178f64df07e28280f848455722,00    ,010140       ,3.0000,87.0000,2019-6-12 15:22:51
87228f178f64df07e28280f848455722,00    ,010141       ,8.0000,140.0000,2019-6-12 15:22:51
87228f178f64df07e28280f848455722,00    ,010142       ,4.0000,116.0000,2019-6-12 15:22:51
87228f178f64df07e28280f848455722,00    ,010143       ,2.0000,24.0000,2019-6-12 15:22:51
87228f178f64df07e28280f848455722,00    ,010144       ,6.0000,108.0000,2019-6-12 15:22:51
87228f178f64df07e28280f848455722,00    ,010145       ,4.0000,76.0000,2019-6-12 15:22:51
87228f178f64df07e28280f848455722,00    ,010146       ,3.0000,48.0000,2019-6-12 15:22:51
87228f178f64df07e28280f848455722,00    ,010147       ,3.0000,48.0000,2019-6-12 15:22:51
87228f178f64df07e28280f848455722,00    ,010148       ,4.0000,70.0000,2019-6-12 15:22:51
87228f178f64df07e28280f848455722,00    ,010149       ,2.0000,35.0000,2019-6-12 15:22:51
87228f178f64df07e28280f848455722,00    ,010150       ,2.0000,48.0000,2019-6-12 15:22:51
87228f178f64df07e28280f848455722,00    ,010151       ,0.0000,0.0000,2019-6-12 15:22:51
87228f178f64df07e28280f848455722,00    ,010152       ,1.0000,44.0000,2019-6-12 15:22:51
87228f178f64df07e28280f848455722,00    ,010153       ,4.0000,136.0000,2019-6-12 15:22:51
87228f178f64df07e28280f848455722,00    ,010154       ,0.0000,0.0000,2019-6-12 15:22:51
87228f178f64df07e28280f848455722,00    ,010155       ,8.0000,76.0000,2019-6-12 15:22:51
87228f178f64df07e28280f848455722,00    ,010156       ,8.0000,120.0000,2019-6-12 15:22:51
87228f178f64df07e28280f848455722,00    ,010157       ,15.0000,180.0000,2019-6-12 15:22:51
87228f178f64df07e28280f848455722,00    ,010158       ,3.0000,52.5000,2019-6-12 15:22:51
87228f178f64df07e28280f848455722,00    ,010159       ,0.0000,0.0000,2019-6-12 15:22:51
87228f178f64df07e28280f848455722,00    ,010160       ,7.0000,168.0000,2019-6-12 15:22:51
87228f178f64df07e28280f848455722,00    ,010161       ,0.0000,0.0000,2019-6-12 15:22:51
87228f178f64df07e28280f848455722,00    ,010162       ,2.0000,38.0000,2019-6-12 15:22:51
87228f178f64df07e28280f848455722,00    ,010163       ,3.0000,87.0000,2019-6-12 15:22:51
87228f178f64df07e28280f848455722,00    ,010164       ,7.0000,343.0000,2019-6-12 15:22:51
87228f178f64df07e28280f848455722,00    ,010165       ,3.0000,102.0000,2019-6-12 15:22:51
87228f178f64df07e28280f848455722,00    ,010281       ,5.0000,45.0000,2019-6-12 15:22:51
87228f178f64df07e28280f848455722,00    ,010282       ,4.0000,48.0000,2019-6-12 15:22:51
87228f178f64df07e28280f848455722,00    ,010283       ,1.0000,13.0000,2019-6-12 15:22:51
87228f178f64df07e28280f848455722,00    ,010284       ,10.0000,130.0000,2019-6-12 15:22:51
87228f178f64df07e28280f848455722,00    ,010285       ,3.0000,42.0000,2019-6-12 15:22:51
87228f178f64df07e28280f848455722,00    ,010286       ,5.0000,75.0000,2019-6-12 15:22:51
87228f178f64df07e28280f848455722,00    ,010287       ,2.0000,16.0000,2019-6-12 15:22:51
87228f178f64df07e28280f848455722,00    ,010288       ,4.0000,52.0000,2019-6-12 15:22:51
87228f178f64df07e28280f848455722,00    ,010289       ,0.0000,0.0000,2019-6-12 15:22:51
87228f178f64df07e28280f848455722,00    ,010290       ,0.0000,0.0000,2019-6-12 15:22:51
87228f178f64df07e28280f848455722,00    ,010291       ,9.0000,126.0000,2019-6-12 15:22:51
87228f178f64df07e28280f848455722,00    ,010292       ,0.0000,0.0000,2019-6-12 15:22:51
87228f178f64df07e28280f848455722,00    ,010293       ,8.0000,88.0000,2019-6-12 15:22:51
87228f178f64df07e28280f848455722,00    ,010294       ,10.0000,130.0000,2019-6-12 15:22:51
87228f178f64df07e28280f848455722,00    ,010295       ,7.0000,91.0000,2019-6-12 15:22:51
87228f178f64df07e28280f848455722,00    ,010296       ,4.0000,52.0000,2019-6-12 15:22:51
87228f178f64df07e28280f848455722,00    ,010297       ,10.0000,39.0000,2019-6-12 15:22:51
87228f178f64df07e28280f848455722,00    ,010298       ,7.0000,27.3000,2019-6-12 15:22:51
87228f178f64df07e28280f848455722,00    ,010299       ,12.0000,132.0000,2019-6-12 15:22:51
87228f178f64df07e28280f848455722,00    ,010300       ,21.0000,273.0000,2019-6-12 15:22:51
87228f178f64df07e28280f848455722,00    ,010301       ,15.0000,210.0000,2019-6-12 15:22:51
87228f178f64df07e28280f848455722,00    ,010302       ,17.0000,238.0000,2019-6-12 15:22:51
87228f178f64df07e28280f848455722,00    ,010303       ,26.0000,377.0000,2019-6-12 15:22:51
87228f178f64df07e28280f848455722,00    ,010304       ,20.0000,180.0000,2019-6-12 15:22:51
87228f178f64df07e28280f848455722,00    ,010305       ,23.0000,287.5000,2019-6-12 15:22:51
87228f178f64df07e28280f848455722,00    ,010306       ,5.0000,65.0000,2019-6-12 15:22:51
87228f178f64df07e28280f848455722,00    ,010307       ,12.0000,174.0000,2019-6-12 15:22:51
87228f178f64df07e28280f848455722,00    ,010308       ,19.0000,247.0000,2019-6-12 15:22:51
87228f178f64df07e28280f848455722,00    ,010309       ,17.0000,238.0000,2019-6-12 15:22:51
87228f178f64df07e28280f848455722,00    ,010310       ,21.0000,252.0000,2019-6-12 15:22:51
87228f178f64df07e28280f848455722,00    ,010311       ,20.0000,320.0000,2019-6-12 15:22:51
87228f178f64df07e28280f848455722,00    ,010312       ,22.0000,374.0000,2019-6-12 15:22:51
87228f178f64df07e28280f848455722,00    ,010313       ,19.0000,304.0000,2019-6-12 15:22:51
87228f178f64df07e28280f848455722,00    ,010314       ,23.0000,402.5000,2019-6-12 15:22:51
87228f178f64df07e28280f848455722,00    ,010315       ,10.0000,195.0000,2019-6-12 15:22:51
87228f178f64df07e28280f848455722,00    ,010316       ,20.0000,390.0000,2019-6-12 15:22:51
87228f178f64df07e28280f848455722,00    ,010317       ,20.0000,260.0000,2019-6-12 15:22:51
87228f178f64df07e28280f848455722,00    ,010318       ,18.0000,351.0000,2019-6-12 15:22:51
87228f178f64df07e28280f848455722,00    ,010319       ,19.0000,313.5000,2019-6-12 15:22:51
87228f178f64df07e28280f848455722,00    ,010320       ,0.0000,0.0000,2019-6-12 15:22:51
87228f178f64df07e28280f848455722,00    ,010321       ,6.0000,144.0000,2019-6-12 15:22:51
87228f178f64df07e28280f848455722,00    ,010322       ,4.0000,138.0000,2019-6-12 15:22:51
87228f178f64df07e28280f848455722,00    ,010323       ,0.0000,0.0000,2019-6-12 15:22:51
87228f178f64df07e28280f848455722,00    ,010324       ,1.0000,38.0000,2019-6-12 15:22:51
87228f178f64df07e28280f848455722,00    ,010325       ,4.0000,152.0000,2019-6-12 15:22:51
87228f178f64df07e28280f848455722,00    ,010326       ,0.0000,0.0000,2019-6-12 15:22:51
87228f178f64df07e28280f848455722,00    ,010327       ,1.0000,44.0000,2019-6-12 15:22:51
87228f178f64df07e28280f848455722,00    ,010328       ,2.0000,76.0000,2019-6-12 15:22:51
87228f178f64df07e28280f848455722,00    ,010329       ,6.0000,267.0000,2019-6-12 15:22:51
87228f178f64df07e28280f848455722,00    ,010330       ,1.0000,34.0000,2019-6-12 15:22:51
87228f178f64df07e28280f848455722,00    ,010331       ,2.0000,98.0000,2019-6-12 15:22:51
87228f178f64df07e28280f848455722,00    ,010332       ,1.0000,48.0000,2019-6-12 15:22:51
87228f178f64df07e28280f848455722,00    ,010333       ,6.0000,330.7500,2019-6-12 15:22:51
87228f178f64df07e28280f848455722,00    ,010334       ,1.0000,34.1300,2019-6-12 15:22:51
87228f178f64df07e28280f848455722,00    ,010335       ,2.0000,51.6300,2019-6-12 15:22:51
87228f178f64df07e28280f848455722,00    ,010336       ,3.0000,182.4400,2019-6-12 15:22:51
87228f178f64df07e28280f848455722,00    ,010337       ,1.0000,38.9400,2019-6-12 15:22:51
87228f178f64df07e28280f848455722,00    ,010338       ,0.0000,0.0000,2019-6-12 15:22:51
87228f178f64df07e28280f848455722,00    ,010339       ,5.0000,240.0000,2019-6-12 15:22:51
87228f178f64df07e28280f848455722,00    ,010340       ,2.0000,146.0000,2019-6-12 15:22:51
87228f178f64df07e28280f848455722,00    ,010341       ,7.0000,413.0000,2019-6-12 15:22:51
87228f178f64df07e28280f848455722,00    ,010342       ,9.0000,625.5000,2019-6-12 15:22:51
87228f178f64df07e28280f848455722,00    ,010343       ,8.0000,344.0000,2019-6-12 15:22:51
87228f178f64df07e28280f848455722,00    ,010344       ,11.0000,704.0000,2019-6-12 15:22:51
87228f178f64df07e28280f848455722,00    ,010345       ,5.0000,295.0000,2019-6-12 15:22:51
87228f178f64df07e28280f848455722,00    ,010346       ,6.0000,54.0000,2019-6-12 15:22:51
87228f178f64df07e28280f848455722,00    ,010347       ,3.0000,39.0000,2019-6-12 15:22:51
87228f178f64df07e28280f848455722,00    ,010348       ,6.0000,48.0000,2019-6-12 15:22:51
87228f178f64df07e28280f848455722,00    ,010349       ,7.0000,87.5000,2019-6-12 15:22:51
87228f178f64df07e28280f848455722,00    ,010350       ,8.0000,64.0000,2019-6-12 15:22:51
87228f178f64df07e28280f848455722,00    ,010351       ,9.0000,112.5000,2019-6-12 15:22:51
87228f178f64df07e28280f848455722,00    ,010352       ,4.0000,72.0000,2019-6-12 15:22:51
87228f178f64df07e28280f848455722,00    ,010353       ,4.0000,78.0000,2019-6-12 15:22:51
87228f178f64df07e28280f848455722,00    ,010354       ,5.0000,56.0000,2019-6-12 15:22:51
87228f178f64df07e28280f848455722,00    ,010355       ,5.0000,96.0000,2019-6-12 15:22:51
87228f178f64df07e28280f848455722,00    ,010356       ,6.0000,117.0000,2019-6-12 15:22:51
87228f178f64df07e28280f848455722,00    ,010357       ,8.0000,176.0000,2019-6-12 15:22:51
87228f178f64df07e28280f848455722,00    ,010358       ,7.0000,210.0000,2019-6-12 15:22:51
87228f178f64df07e28280f848455722,00    ,010359       ,2.0000,44.0000,2019-6-12 15:22:51
87228f178f64df07e28280f848455722,00    ,010360       ,5.0000,116.0000,2019-6-12 15:22:51
87228f178f64df07e28280f848455722,00    ,010361       ,6.0000,132.0000,2019-6-12 15:22:51
87228f178f64df07e28280f848455722,00    ,010362       ,11.0000,233.2000,2019-6-12 15:22:51
87228f178f64df07e28280f848455722,00    ,010363       ,3.0000,34.5000,2019-6-12 15:22:51
87228f178f64df07e28280f848455722,00    ,010364       ,6.0000,129.0000,2019-6-12 15:22:51
87228f178f64df07e28280f848455722,00    ,010365       ,1.0000,19.5000,2019-6-12 15:22:51
87228f178f64df07e28280f848455722,00    ,010366       ,5.0000,100.0000,2019-6-12 15:22:51
87228f178f64df07e28280f848455722,00    ,010367       ,7.0000,91.0000,2019-6-12 15:22:51
87228f178f64df07e28280f848455722,00    ,010368       ,3.0000,58.5000,2019-6-12 15:22:51
87228f178f64df07e28280f848455722,00    ,010369       ,13.0000,279.5000,2019-6-12 15:22:51
87228f178f64df07e28280f848455722,00    ,010370       ,9.0000,207.0000,2019-6-12 15:22:51
87228f178f64df07e28280f848455722,00    ,010371       ,10.0000,290.0000,2019-6-12 15:22:51
87228f178f64df07e28280f848455722,00    ,010372       ,21.0000,378.0000,2019-6-12 15:22:51
87228f178f64df07e28280f848455722,00    ,010373       ,5.0000,97.5000,2019-6-12 15:22:51
87228f178f64df07e28280f848455722,00    ,010374       ,6.0000,54.0000,2019-6-12 15:22:51
87228f178f64df07e28280f848455722,00    ,010375       ,3.0000,39.0000,2019-6-12 15:22:51
87228f178f64df07e28280f848455722,00    ,010376       ,3.0000,43.5000,2019-6-12 15:22:51
87228f178f64df07e28280f848455722,00    ,010377       ,3.0000,42.0000,2019-6-12 15:22:51
87228f178f64df07e28280f848455722,00    ,010378       ,3.0000,39.0000,2019-6-12 15:22:51
87228f178f64df07e28280f848455722,00    ,010379       ,7.0000,63.0000,2019-6-12 15:22:51
87228f178f64df07e28280f848455722,00    ,010380       ,4.0000,52.0000,2019-6-12 15:22:51
87228f178f64df07e28280f848455722,00    ,010381       ,7.0000,98.0000,2019-6-12 15:22:51
87228f178f64df07e28280f848455722,00    ,010382       ,10.0000,140.0000,2019-6-12 15:22:51
87228f178f64df07e28280f848455722,00    ,010383       ,13.0000,188.5000,2019-6-12 15:22:51
87228f178f64df07e28280f848455722,00    ,010384       ,12.0000,151.8000,2019-6-12 15:22:51
87228f178f64df07e28280f848455722,00    ,010385       ,0.0000,0.0000,2019-6-12 15:22:51
87228f178f64df07e28280f848455722,00    ,010386       ,6.0000,105.6000,2019-6-12 15:22:51
87228f178f64df07e28280f848455722,00    ,010387       ,8.0000,167.2000,2019-6-12 15:22:51
87228f178f64df07e28280f848455722,00    ,010388       ,14.0000,292.6000,2019-6-12 15:22:51
87228f178f64df07e28280f848455722,00    ,010389       ,8.0000,154.0000,2019-6-12 15:22:51
87228f178f64df07e28280f848455722,00    ,010390       ,4.0000,94.6000,2019-6-12 15:22:51
87228f178f64df07e28280f848455722,00    ,010391       ,2.0000,38.5000,2019-6-12 15:22:51
87228f178f64df07e28280f848455722,00    ,010392       ,4.0000,70.4000,2019-6-12 15:22:51
87228f178f64df07e28280f848455722,00    ,010393       ,1.0000,24.7500,2019-6-12 15:22:51
87228f178f64df07e28280f848455722,00    ,010394       ,5.0000,178.7500,2019-6-12 15:22:51
87228f178f64df07e28280f848455722,00    ,010395       ,6.0000,181.5000,2019-6-12 15:22:51
87228f178f64df07e28280f848455722,00    ,010396       ,6.0000,181.5000,2019-6-12 15:22:51
87228f178f64df07e28280f848455722,00    ,010397       ,4.0000,143.0000,2019-6-12 15:22:51
87228f178f64df07e28280f848455722,00    ,010398       ,0.0000,0.0000,2019-6-12 15:22:51
87228f178f64df07e28280f848455722,00    ,010399       ,3.0000,95.7000,2019-6-12 15:22:51
87228f178f64df07e28280f848455722,00    ,010400       ,2.0000,85.8000,2019-6-12 15:22:51
87228f178f64df07e28280f848455722,00    ,010401       ,4.0000,193.6000,2019-6-12 15:22:51
87228f178f64df07e28280f848455722,00    ,010402       ,6.0000,290.4000,2019-6-12 15:22:51
87228f178f64df07e28280f848455722,00    ,010403       ,2.0000,107.8000,2019-6-12 15:22:51
87228f178f64df07e28280f848455722,00    ,010404       ,7.0000,184.8000,2019-6-12 15:22:51
87228f178f64df07e28280f848455722,00    ,010405       ,4.0000,193.6000,2019-6-12 15:22:51
87228f178f64df07e28280f848455722,00    ,010406       ,10.0000,533.4600,2019-6-12 15:22:51
87228f178f64df07e28280f848455722,00    ,010407       ,1.0000,42.0000,2019-6-12 15:22:51
87228f178f64df07e28280f848455722,00    ,010408       ,5.0000,300.0000,2019-6-12 15:22:51
87228f178f64df07e28280f848455722,00    ,010409       ,2.0000,129.8000,2019-6-12 15:22:51
87228f178f64df07e28280f848455722,00    ,010410       ,2.0000,128.0000,2019-6-12 15:22:51
87228f178f64df07e28280f848455722,00    ,010411       ,3.0000,36.3000,2019-6-12 15:22:51
87228f178f64df07e28280f848455722,00    ,010412       ,4.0000,39.6000,2019-6-12 15:22:51
87228f178f64df07e28280f848455722,00    ,010413       ,2.0000,16.5000,2019-6-12 15:22:51
87228f178f64df07e28280f848455722,00    ,010414       ,1.0000,9.9000,2019-6-12 15:22:51
87228f178f64df07e28280f848455722,00    ,010415       ,6.0000,577.5000,2019-6-12 15:22:51
87228f178f64df07e28280f848455722,00    ,010416       ,3.0000,142.5000,2019-6-12 15:22:51
87228f178f64df07e28280f848455722,00    ,010417       ,3.0000,139.5000,2019-6-12 15:22:51
87228f178f64df07e28280f848455722,00    ,010418       ,3.0000,139.5000,2019-6-12 15:22:51
87228f178f64df07e28280f848455722,00    ,010419       ,1.0000,59.0000,2019-6-12 15:22:51
87228f178f64df07e28280f848455722,00    ,010420       ,1.0000,29.0000,2019-6-12 15:22:51
87228f178f64df07e28280f848455722,00    ,010421       ,2.0000,88.0000,2019-6-12 15:22:51
87228f178f64df07e28280f848455722,00    ,010422       ,2.0000,85.0000,2019-6-12 15:22:51
87228f178f64df07e28280f848455722,00    ,010423       ,0.0000,0.0000,2019-6-12 15:22:51
87228f178f64df07e28280f848455722,00    ,010424       ,1.0000,44.0000,2019-6-12 15:22:51
87228f178f64df07e28280f848455722,00    ,010425       ,2.0000,138.0000,2019-6-12 15:22:51
87228f178f64df07e28280f848455722,00    ,010426       ,2.0000,138.0000,2019-6-12 15:22:51
87228f178f64df07e28280f848455722,00    ,010427       ,1.0000,71.0000,2019-6-12 15:22:51
87228f178f64df07e28280f848455722,00    ,010428       ,10.0000,840.0000,2019-6-12 15:22:51
87228f178f64df07e28280f848455722,00    ,010429       ,0.0000,0.0000,2019-6-12 15:22:51
87228f178f64df07e28280f848455722,00    ,010430       ,4.0000,316.0000,2019-6-12 15:22:51
87228f178f64df07e28280f848455722,00    ,010431       ,7.0000,518.0000,2019-6-12 15:22:51
87228f178f64df07e28280f848455722,00    ,010432       ,7.0000,483.0000,2019-6-12 15:22:51
87228f178f64df07e28280f848455722,00    ,010433       ,2.0000,148.0000,2019-6-12 15:22:51
87228f178f64df07e28280f848455722,00    ,010434       ,2.0000,49.0000,2019-6-12 15:22:51
87228f178f64df07e28280f848455722,00    ,010435       ,3.0000,58.5000,2019-6-12 15:22:51
87228f178f64df07e28280f848455722,00    ,010436       ,8.0000,196.0000,2019-6-12 15:22:51
87228f178f64df07e28280f848455722,00    ,010437       ,1.0000,27.5000,2019-6-12 15:22:51
87228f178f64df07e28280f848455722,00    ,010438       ,6.0000,267.0000,2019-6-12 15:22:51
87228f178f64df07e28280f848455722,00    ,010439       ,3.0000,63.0000,2019-6-12 15:22:51
87228f178f64df07e28280f848455722,00    ,010440       ,0.0000,0.0000,2019-6-12 15:22:51
87228f178f64df07e28280f848455722,00    ,010441       ,1.0000,12.7000,2019-6-12 15:22:51
87228f178f64df07e28280f848455722,00    ,010442       ,2.0000,48.3000,2019-6-12 15:22:51
87228f178f64df07e28280f848455722,00    ,010443       ,6.0000,144.9000,2019-6-12 15:22:51
87228f178f64df07e28280f848455722,00    ,010444       ,6.0000,140.1000,2019-6-12 15:22:51
87228f178f64df07e28280f848455722,00    ,010445       ,7.0000,170.1000,2019-6-12 15:22:51
87228f178f64df07e28280f848455722,00    ,010446       ,3.0000,87.0000,2019-6-12 15:22:51
87228f178f64df07e28280f848455722,00    ,010447       ,2.0000,49.2000,2019-6-12 15:22:51
87228f178f64df07e28280f848455722,00    ,010448       ,2.0000,58.0000,2019-6-12 15:22:51
87228f178f64df07e28280f848455722,00    ,010449       ,3.0000,84.0000,2019-6-12 15:22:51
87228f178f64df07e28280f848455722,00    ,010450       ,4.0000,112.0000,2019-6-12 15:22:51
87228f178f64df07e28280f848455722,00    ,010451       ,12.0000,60.0000,2019-6-12 15:22:51
87228f178f64df07e28280f848455722,00    ,010452       ,6.0000,129.0000,2019-6-12 15:22:51
87228f178f64df07e28280f848455722,00    ,010453       ,10.0000,132.0000,2019-6-12 15:22:51
87228f178f64df07e28280f848455722,00    ,010454       ,2.0000,29.0000,2019-6-12 15:22:51
87228f178f64df07e28280f848455722,00    ,010455       ,4.0000,110.0000,2019-6-12 15:22:51
87228f178f64df07e28280f848455722,00    ,010456       ,4.0000,104.0000,2019-6-12 15:22:51
87228f178f64df07e28280f848455722,00    ,010457       ,1.0000,24.6000,2019-6-12 15:22:51
87228f178f64df07e28280f848455722,00    ,010458       ,13.0000,227.5000,2019-6-12 15:22:51
87228f178f64df07e28280f848455722,00    ,010459       ,6.0000,165.0000,2019-6-12 15:22:51
87228f178f64df07e28280f848455722,00    ,010460       ,2.0000,55.0000,2019-6-12 15:22:51
87228f178f64df07e28280f848455722,00    ,010461       ,8.0000,224.0000,2019-6-12 15:22:51
87228f178f64df07e28280f848455722,00    ,010462       ,1.0000,29.0000,2019-6-12 15:22:51
87228f178f64df07e28280f848455722,00    ,010463       ,9.0000,292.5000,2019-6-12 15:22:51
87228f178f64df07e28280f848455722,00    ,010464       ,10.0000,145.0000,2019-6-12 15:22:51
87228f178f64df07e28280f848455722,00    ,010465       ,3.0000,58.5000,2019-6-12 15:22:51
87228f178f64df07e28280f848455722,00    ,010466       ,6.0000,135.0000,2019-6-12 15:22:51
87228f178f64df07e28280f848455722,00    ,080001       ,4.0000,20.0000,2019-6-12 15:22:51
87228f178f64df07e28280f848455722,00    ,080002       ,2.0000,11.8000,2019-6-12 15:22:51
87228f178f64df07e28280f848455722,00    ,080003       ,3.0000,15.0000,2019-6-12 15:22:51
87228f178f64df07e28280f848455722,00    ,080004       ,0.0000,0.0000,2019-6-12 15:22:51
87228f178f64df07e28280f848455722,00    ,080005       ,2.0000,36.0000,2019-6-12 15:22:51
87228f178f64df07e28280f848455722,00    ,080006       ,4.0000,86.0000,2019-6-12 15:22:51
87228f178f64df07e28280f848455722,00    ,080007       ,5.0000,92.5000,2019-6-12 15:22:51
87228f178f64df07e28280f848455722,00    ,080008       ,6.0000,24.0000,2019-6-12 15:22:51
87228f178f64df07e28280f848455722,00    ,080010       ,5.0000,72.5000,2019-6-12 15:22:51
87228f178f64df07e28280f848455722,00    ,080011       ,6.0000,21.0000,2019-6-12 15:22:51
87228f178f64df07e28280f848455722,00    ,080012       ,5.0000,67.5000,2019-6-12 15:22:51
87228f178f64df07e28280f848455722,00    ,080014       ,5.0000,87.5000,2019-6-12 15:22:51
87228f178f64df07e28280f848455722,00    ,080015       ,5.0000,22.5000,2019-6-12 15:22:51
87228f178f64df07e28280f848455722,00    ,080016       ,4.0000,16.0000,2019-6-12 15:22:51
87228f178f64df07e28280f848455722,00    ,080017       ,5.0000,9.5000,2019-6-12 15:22:51
87228f178f64df07e28280f848455722,00    ,080018       ,2.0000,19.0000,2019-6-12 15:22:51
87228f178f64df07e28280f848455722,00    ,080019       ,5.0000,14.0000,2019-6-12 15:22:51
87228f178f64df07e28280f848455722,00    ,080020       ,4.0000,20.8000,2019-6-12 15:22:51
87228f178f64df07e28280f848455722,00    ,080021       ,6.0000,36.0000,2019-6-12 15:22:51
87228f178f64df07e28280f848455722,00    ,080022       ,3.0000,54.0000,2019-6-12 15:22:51
87228f178f64df07e28280f848455722,00    ,080023       ,2.0000,8.0000,2019-6-12 15:22:51
87228f178f64df07e28280f848455722,00    ,080024       ,0.0000,0.0000,2019-6-12 15:22:51
87228f178f64df07e28280f848455722,00    ,080025       ,2.0000,19.8000,2019-6-12 15:22:51
87228f178f64df07e28280f848455722,00    ,080026       ,4.0000,20.8000,2019-6-12 15:22:51
87228f178f64df07e28280f848455722,00    ,080027       ,5.0000,14.5000,2019-6-12 15:22:51
87228f178f64df07e28280f848455722,00    ,080028       ,6.0000,9.0000,2019-6-12 15:22:51
87228f178f64df07e28280f848455722,00    ,080029       ,5.0000,14.0000,2019-6-12 15:22:51
87228f178f64df07e28280f848455722,00    ,080030       ,3.0000,12.5000,2019-6-12 15:22:51
87228f178f64df07e28280f848455722,00    ,080031       ,3.0000,37.5000,2019-6-12 15:22:51
87228f178f64df07e28280f848455722,00    ,080032       ,5.0000,127.5000,2019-6-12 15:22:51
87228f178f64df07e28280f848455722,00    ,080033       ,1.0000,25.5000,2019-6-12 15:22:51
87228f178f64df07e28280f848455722,00    ,080034       ,1.0000,14.5000,2019-6-12 15:22:51
87228f178f64df07e28280f848455722,00    ,080035       ,1.0000,20.0000,2019-6-12 15:22:51
87228f178f64df07e28280f848455722,00    ,080036       ,4.0000,23.2000,2019-6-12 15:22:51
87228f178f64df07e28280f848455722,00    ,080038       ,1.0000,6.0000,2019-6-12 15:22:51
87228f178f64df07e28280f848455722,00    ,080039       ,3.0000,54.0000,2019-6-12 15:22:51
87228f178f64df07e28280f848455722,00    ,080040       ,2.0000,9.0000,2019-6-12 15:22:51
87228f178f64df07e28280f848455722,00    ,080041       ,1.0000,13.5000,2019-6-12 15:22:51
87228f178f64df07e28280f848455722,00    ,080043       ,3.0000,12.0000,2019-6-12 15:22:51
87228f178f64df07e28280f848455722,00    ,080044       ,6.0000,18.0000,2019-6-12 15:22:51
87228f178f64df07e28280f848455722,00    ,080045       ,2.0000,6.0000,2019-6-12 15:22:51
87228f178f64df07e28280f848455722,00    ,080046       ,1.0000,13.1000,2019-6-12 15:22:51
87228f178f64df07e28280f848455722,00    ,080047       ,1.0000,3.6700,2019-6-12 15:22:51
87228f178f64df07e28280f848455722,00    ,080048       ,3.0000,33.0000,2019-6-12 15:22:51
87228f178f64df07e28280f848455722,00    ,080049       ,1.0000,4.3000,2019-6-12 15:22:51
87228f178f64df07e28280f848455722,00    ,080050       ,2.0000,25.8000,2019-6-12 15:22:51
87228f178f64df07e28280f848455722,00    ,080051       ,5.0000,14.0000,2019-6-12 15:22:51
87228f178f64df07e28280f848455722,00    ,080052       ,2.0000,6.0000,2019-6-12 15:22:51
87228f178f64df07e28280f848455722,00    ,080053       ,3.0000,9.0000,2019-6-12 15:22:51
87228f178f64df07e28280f848455722,00    ,080054       ,2.0000,7.2000,2019-6-12 15:22:51
87228f178f64df07e28280f848455722,00    ,080055       ,1.0000,21.6000,2019-6-12 15:22:51
87228f178f64df07e28280f848455722,00    ,080056       ,1.0000,19.0000,2019-6-12 15:22:51
87228f178f64df07e28280f848455722,00    ,080057       ,1.0000,3.5000,2019-6-12 15:22:51
87228f178f64df07e28280f848455722,00    ,080058       ,1.0000,10.5000,2019-6-12 15:22:51
87228f178f64df07e28280f848455722,00    ,080059       ,2.0000,7.0000,2019-6-12 15:22:51
87228f178f64df07e28280f848455722,00    ,080060       ,2.0000,21.0000,2019-6-12 15:22:51
87228f178f64df07e28280f848455722,00    ,080061       ,0.0000,0.0000,2019-6-12 15:22:51
87228f178f64df07e28280f848455722,00    ,080062       ,3.0000,30.0000,2019-6-12 15:22:51
87228f178f64df07e28280f848455722,00    ,080063       ,1.0000,5.1700,2019-6-12 15:22:51
87228f178f64df07e28280f848455722,00    ,080064       ,2.0000,31.0000,2019-6-12 15:22:51
87228f178f64df07e28280f848455722,00    ,080065       ,1.0000,19.0000,2019-6-12 15:22:51
87228f178f64df07e28280f848455722,00    ,090001       ,10.0000,600.0000,2019-6-12 15:22:51
87228f178f64df07e28280f848455722,00    ,090002       ,10.0000,320.0000,2019-6-12 15:22:51
87228f178f64df07e28280f848455722,00    ,090003       ,6.0000,780.0000,2019-6-12 15:22:51
87228f178f64df07e28280f848455722,00    ,090004       ,11.0000,176.0000,2019-6-12 15:22:51
87228f178f64df07e28280f848455722,00    ,090005       ,10.0000,186.8800,2019-6-12 15:22:51
87228f178f64df07e28280f848455722,00    ,090006       ,7.0000,130.8100,2019-6-12 15:22:51
87228f178f64df07e28280f848455722,00    ,090007       ,7.0000,550.8100,2019-6-12 15:22:51
87228f178f64df07e28280f848455722,00    ,090008       ,8.0000,555.0000,2019-6-12 15:22:51
87228f178f64df07e28280f848455722,00    ,090009       ,11.0000,1555.1300,2019-6-12 15:22:51
87228f178f64df07e28280f848455722,00    ,090010       ,250.0000,750.0000,2019-6-12 15:22:51
87228f178f64df07e28280f848455722,00    ,090011       ,0.0000,0.0000,2019-6-12 15:22:51
87228f178f64df07e28280f848455722,00    ,090012       ,143.0000,429.0000,2019-6-12 15:22:51
87228f178f64df07e28280f848455722,00    ,090013       ,143.0000,429.0000,2019-6-12 15:22:51
87228f178f64df07e28280f848455722,00    ,090014       ,0.0000,0.0000,2019-6-12 15:22:51
87228f178f64df07e28280f848455722,00    ,090015       ,0.0000,0.0000,2019-6-12 15:22:51
87228f178f64df07e28280f848455722,00    ,090016       ,10.0000,25.0000,2019-6-12 15:22:51
87228f178f64df07e28280f848455722,00    ,090017       ,22.0000,660.0000,2019-6-12 15:22:51
87228f178f64df07e28280f848455722,00    ,090018       ,21.0000,546.0000,2019-6-12 15:22:51
87228f178f64df07e28280f848455722,00    ,090019       ,405.0000,810.0000,2019-6-12 15:22:51
87228f178f64df07e28280f848455722,00    ,090020       ,20.0000,60.0000,2019-6-12 15:22:51
87228f178f64df07e28280f848455722,00    ,090021       ,272.0000,425.1100,2019-6-12 15:22:51
87228f178f64df07e28280f848455722,00    ,090022       ,231.0000,462.0000,2019-6-12 15:22:51
87228f178f64df07e28280f848455722,00    ,090023       ,68.0000,547.5800,2019-6-12 15:22:51
87228f178f64df07e28280f848455722,00    ,090024       ,250.0000,447.3800,2019-6-12 15:22:51
87228f178f64df07e28280f848455722,00    ,090025       ,0.0000,0.0000,2019-6-12 15:22:51
87228f178f64df07e28280f848455722,00    ,090026       ,18.0000,773.0500,2019-6-12 15:22:51
87228f178f64df07e28280f848455722,00    ,090027       ,0.0000,0.0000,2019-6-12 15:22:51
87228f178f64df07e28280f848455722,00    ,090028       ,17.0000,365.0500,2019-6-12 15:22:51
87228f178f64df07e28280f848455722,00    ,090029       ,20.0000,800.0000,2019-6-12 15:22:51
87228f178f64df07e28280f848455722,00    ,090030       ,17.0000,408.0000,2019-6-12 15:22:51
87228f178f64df07e28280f848455722,00    ,090031       ,0.0000,0.0000,2019-6-12 15:22:51
87228f178f64df07e28280f848455722,00    ,090032       ,0.0000,0.0000,2019-6-12 15:22:51
87228f178f64df07e28280f848455722,00    ,090033       ,15.0000,360.0000,2019-6-12 15:22:51
87228f178f64df07e28280f848455722,00    ,090034       ,15.0000,135.0000,2019-6-12 15:22:51
87228f178f64df07e28280f848455722,00    ,090035       ,424.0000,848.0000,2019-6-12 15:22:51
87228f178f64df07e28280f848455722,00    ,090036       ,320.0000,640.0000,2019-6-12 15:22:51
87228f178f64df07e28280f848455722,00    ,090037       ,0.0000,0.0000,2019-6-12 15:22:51
87228f178f64df07e28280f848455722,00    ,090038       ,15.0000,360.0000,2019-6-12 15:22:51
87228f178f64df07e28280f848455722,00    ,090039       ,0.0000,0.0000,2019-6-12 15:22:51
87228f178f64df07e28280f848455722,00    ,090040       ,15.0000,360.0000,2019-6-12 15:22:51
87228f178f64df07e28280f848455722,00    ,090041       ,109.0000,327.0000,2019-6-12 15:22:51
87228f178f64df07e28280f848455722,00    ,090042       ,0.0000,0.0000,2019-6-12 15:22:51
87228f178f64df07e28280f848455722,00    ,090043       ,4.0000,148.0000,2019-6-12 15:22:51
87228f178f64df07e28280f848455722,00    ,090044       ,89.0000,222.5000,2019-6-12 15:22:51
87228f178f64df07e28280f848455722,00    ,090045       ,0.0000,0.0000,2019-6-12 15:22:51
87228f178f64df07e28280f848455722,00    ,090046       ,66.0000,165.0000,2019-6-12 15:22:51
87228f178f64df07e28280f848455722,00    ,090047       ,0.0000,0.0000,2019-6-12 15:22:51
87228f178f64df07e28280f848455722,00    ,090048       ,9.0000,234.0000,2019-6-12 15:22:51
87228f178f64df07e28280f848455722,00    ,090049       ,84.0000,120.8400,2019-6-12 15:22:51
87228f178f64df07e28280f848455722,00    ,090050       ,79.0000,197.5000,2019-6-12 15:22:51
87228f178f64df07e28280f848455722,00    ,090051       ,0.0000,0.0000,2019-6-12 15:22:51
87228f178f64df07e28280f848455722,00    ,090052       ,0.0000,0.0000,2019-6-12 15:22:51
87228f178f64df07e28280f848455722,00    ,090053       ,4.0000,104.0000,2019-6-12 15:22:51
87228f178f64df07e28280f848455722,00    ,090054       ,43.0000,107.5000,2019-6-12 15:22:51
87228f178f64df07e28280f848455722,00    ,090055       ,0.0000,0.0000,2019-6-12 15:22:51
87228f178f64df07e28280f848455722,00    ,090056       ,6.0000,156.0000,2019-6-12 15:22:51
87228f178f64df07e28280f848455722,00    ,090057       ,60.0000,150.0000,2019-6-12 15:22:51
87228f178f64df07e28280f848455722,00    ,090058       ,0.0000,0.0000,2019-6-12 15:22:51
87228f178f64df07e28280f848455722,00    ,090059       ,5.0000,130.0000,2019-6-12 15:22:51
87228f178f64df07e28280f848455722,00    ,090060       ,100.0000,200.0000,2019-6-12 15:22:51
87228f178f64df07e28280f848455722,00    ,090061       ,0.0000,0.0000,2019-6-12 15:22:51
87228f178f64df07e28280f848455722,00    ,090062       ,1.0000,24.0000,2019-6-12 15:22:51
87228f178f64df07e28280f848455722,00    ,090063       ,180.0000,360.0000,2019-6-12 15:22:51
87228f178f64df07e28280f848455722,00    ,090064       ,0.0000,0.0000,2019-6-12 15:22:51
87228f178f64df07e28280f848455722,00    ,090065       ,1.0000,24.0000,2019-6-12 15:22:51
87228f178f64df07e28280f848455722,00    ,110001       ,1.0000,10.4000,2019-6-12 15:22:51
87228f178f64df07e28280f848455722,00    ,110002       ,1.0000,10.0000,2019-6-12 15:22:51
87228f178f64df07e28280f848455722,00    ,110003       ,5.0000,64.3000,2019-6-12 15:22:51
87228f178f64df07e28280f848455722,00    ,110004       ,3.0000,36.0000,2019-6-12 15:22:51
87228f178f64df07e28280f848455722,00    ,110005       ,3.0000,36.0000,2019-6-12 15:22:51
87228f178f64df07e28280f848455722,00    ,110006       ,1.0000,13.0000,2019-6-12 15:22:51
87228f178f64df07e28280f848455722,00    ,110007       ,6.0000,78.0000,2019-6-12 15:22:51
87228f178f64df07e28280f848455722,00    ,110008       ,19.0000,589.0000,2019-6-12 15:22:51
87228f178f64df07e28280f848455722,00    ,110009       ,21.0000,609.0000,2019-6-12 15:22:51
87228f178f64df07e28280f848455722,00    ,110010       ,16.0000,176.0000,2019-6-12 15:22:51
87228f178f64df07e28280f848455722,00    ,110011       ,14.0000,154.0000,2019-6-12 15:22:51
87228f178f64df07e28280f848455722,00    ,110012       ,15.0000,105.0000,2019-6-12 15:22:51
87228f178f64df07e28280f848455722,00    ,110013       ,13.0000,143.0000,2019-6-12 15:22:51
87228f178f64df07e28280f848455722,00    ,110014       ,27.0000,221.4000,2019-6-12 15:22:51
87228f178f64df07e28280f848455722,00    ,110015       ,11.0000,99.0000,2019-6-12 15:22:51
87228f178f64df07e28280f848455722,00    ,110016       ,14.0000,168.0000,2019-6-12 15:22:51
87228f178f64df07e28280f848455722,00    ,110017       ,8.0000,72.0000,2019-6-12 15:22:51
87228f178f64df07e28280f848455722,00    ,110018       ,8.0000,56.0000,2019-6-12 15:22:51
87228f178f64df07e28280f848455722,00    ,110019       ,11.0000,88.0000,2019-6-12 15:22:51
87228f178f64df07e28280f848455722,00    ,110020       ,18.0000,144.0000,2019-6-12 15:22:51
87228f178f64df07e28280f848455722,00    ,110021       ,6.0000,48.0000,2019-6-12 15:22:51
87228f178f64df07e28280f848455722,00    ,110022       ,12.0000,120.0000,2019-6-12 15:22:51
87228f178f64df07e28280f848455722,00    ,110023       ,13.0000,93.6000,2019-6-12 15:22:51
87228f178f64df07e28280f848455722,00    ,110024       ,11.0000,616.0000,2019-6-12 15:22:51
87228f178f64df07e28280f848455722,00    ,110025       ,12.0000,120.0000,2019-6-12 15:22:51
87228f178f64df07e28280f848455722,00    ,110026       ,9.0000,57.6000,2019-6-12 15:22:51
87228f178f64df07e28280f848455722,00    ,110027       ,14.0000,168.0000,2019-6-12 15:22:51
87228f178f64df07e28280f848455722,00    ,110035       ,6.0000,56.1200,2019-6-12 15:22:51
87228f178f64df07e28280f848455722,00    ,110036       ,13.0000,105.5300,2019-6-12 15:22:51
87228f178f64df07e28280f848455722,00    ,110037       ,12.0000,80.4700,2019-6-12 15:22:51
87228f178f64df07e28280f848455722,00    ,110038       ,13.0000,126.1800,2019-6-12 15:22:51
87228f178f64df07e28280f848455722,01    ,010134       ,1.0000,27.0000,2019-6-12 15:22:51
87228f178f64df07e28280f848455722,01    ,010135       ,1.0000,12.0000,2019-6-12 15:22:51
87228f178f64df07e28280f848455722,01    ,010136       ,1.0000,32.0000,2019-6-12 15:22:51
87228f178f64df07e28280f848455722,01    ,010137       ,1.0000,25.0000,2019-6-12 15:22:51
87228f178f64df07e28280f848455722,01    ,010138       ,1.0000,34.0000,2019-6-12 15:22:51
87228f178f64df07e28280f848455722,01    ,010139       ,1.0000,24.0000,2019-6-12 15:22:51
87228f178f64df07e28280f848455722,01    ,010140       ,1.0000,29.0000,2019-6-12 15:22:51
87228f178f64df07e28280f848455722,01    ,010141       ,1.0000,17.5000,2019-6-12 15:22:51
87228f178f64df07e28280f848455722,01    ,010142       ,1.0000,29.0000,2019-6-12 15:22:51
87228f178f64df07e28280f848455722,01    ,010143       ,1.0000,12.0000,2019-6-12 15:22:51
87228f178f64df07e28280f848455722,01    ,010144       ,1.0000,18.0000,2019-6-12 15:22:51
87228f178f64df07e28280f848455722,01    ,010145       ,1.0000,19.0000,2019-6-12 15:22:51
87228f178f64df07e28280f848455722,01    ,010146       ,1.0000,16.0000,2019-6-12 15:22:51
87228f178f64df07e28280f848455722,01    ,010147       ,1.0000,16.0000,2019-6-12 15:22:51
87228f178f64df07e28280f848455722,01    ,010148       ,1.0000,17.5000,2019-6-12 15:22:51
87228f178f64df07e28280f848455722,01    ,010149       ,1.0000,17.5000,2019-6-12 15:22:51
87228f178f64df07e28280f848455722,01    ,010150       ,1.0000,24.0000,2019-6-12 15:22:51
87228f178f64df07e28280f848455722,01    ,010151       ,1.0000,31.0000,2019-6-12 15:22:51
87228f178f64df07e28280f848455722,01    ,010152       ,1.0000,44.0000,2019-6-12 15:22:51
87228f178f64df07e28280f848455722,01    ,010153       ,1.0000,34.0000,2019-6-12 15:22:51
87228f178f64df07e28280f848455722,01    ,010154       ,1.0000,44.0000,2019-6-12 15:22:51
87228f178f64df07e28280f848455722,01    ,010155       ,1.0000,9.5000,2019-6-12 15:22:51
87228f178f64df07e28280f848455722,01    ,010156       ,1.0000,15.0000,2019-6-12 15:22:51
87228f178f64df07e28280f848455722,01    ,010157       ,1.0000,12.0000,2019-6-12 15:22:51
87228f178f64df07e28280f848455722,01    ,010158       ,1.0000,17.5000,2019-6-12 15:22:51
